mean_fit_time,std_fit_time,mean_score_time,std_score_time,param_max_depth,param_max_features,param_min_samples_leaf,param_min_samples_split,param_n_estimators,params,split0_test_score,split1_test_score,split2_test_score,split3_test_score,split4_test_score,mean_test_score,std_test_score,rank_test_score
1.612459659576416,0.2826729990060579,0.053213977813720705,0.02447543570477973,,sqrt,1,2,100,"{'max_depth': None, 'max_features': 'sqrt', 'min_samples_leaf': 1, 'min_samples_split': 2, 'n_estimators': 100}",-0.20100925129841912,-0.21346894996328425,-0.20027252428925896,-0.21363523610004284,-0.18757283429105273,-0.2031917591884116,0.009715173166367639,2
4.371895742416382,0.09762799964465167,0.10888376235961914,0.0114542188208425,,sqrt,1,2,200,"{'max_depth': None, 'max_features': 'sqrt', 'min_samples_leaf': 1, 'min_samples_split': 2, 'n_estimators': 200}",-0.20008080932193323,-0.21215274778600451,-0.1964156490819063,-0.21593422114157715,-0.1870756138807789,-0.20233180824244004,0.010528968534007794,1
